,,,,,,,,,,,,,,,,,,,,,,,,,,,,,,,,,,,,,,,,,,,,,,,,,,,
,,,,,,,,,,,,,,,,,,,,Financial Costs (£m),,,,,,,,,,,,,,,,,,,,,,,,,,,,,,,
,Event Name,Year,Reported Date,Infiltration Date,Description,Event Type,Priority Event Type,Duration,Country (Scope),Primary Country,NAICS,UK SIC,Sector,Section,Impacted Entity/Entities,Number of Impacted entities/systems,Known/Suspected Threat Actors,Nation State ? (Y/N),Immediate Operational Impact,Business Interuption,Remediation,Fines/Legal,Ransom,Total Financial Impact (£m),Financial Impact Code,"Type of Financial Impact (BI, )",Key Response/ Mitigation Measures,Original Stock Price,Stock Trough Price,Total % Decrease,Stock Recovery Time (time to recover to initial stock price),Sources,Additional Source(s),"Status of entry (Draft, Ready for Review, Completed)",,,,,,,,,,,,,,,,,
,University Cyberattacks,,Various (2021-2023),Various (2021-2023),"Multiple ransomware, DDoS attacks targeting UK universities' IT infrastructure and research data","Ransomware, DDoS",Ransomware,NA,UK,UK,,85421,Finance & Insurance,Banks,Multiple UK universities,87% of surveyed universities ,"Various (criminals, APTs)",No,"IT outages, class cancellations, research disruption",0.0,2.0,0.0,0.0,2.0,1.0,"Operational disruption, research loss",Not disclosed,NA,NA,NA,NA,https://www.zdnet.com/article/cyberattack-on-uk-university-knocks-out-online-learning-teams-and-zoom/,"https://www.itsecurityguru.org/2022/04/25/universities-lose-over-2m-to-ransomware/#:~:text=Guru%20www,upwards%20of%20%C2%A32m%20per%20incident",Completed,,,,,,,Draft,Ready For Review,Completed,,,,,,,,
,MySpace,,In 2016,In 2013,"Large scale data breach, where bad actors bypassed MySpace security measures and stole customer information and sold it on the dark web. ",Data breach ,Data Breach,3 years,US/Global,US,519130,,NA,NA,"Customers of MySpace. Usernames, emails, and passwords were compromised",360 million user accounts,NA,No,MySpace responded by invalidating passwords of known affected accounts ,0.0,0.0,0.0,0.0,NA,0.0,,Invalidated passwords of known affected accounts and enhanced their security measures,PRIVATE,PRIVATE,NA,NA,https://www.bbc.com/news/technology-36416855,,Completed,,,,,,,,,,,,,,,,,
,Russian Hybrid Warfare Cyberattacks on Ukraine,,Early 2022 - 2024,2021 onward,"A series of state-sponsored cyber operations targeting Ukraines government, financial institutions, and critical infrastructure to destabilize systems before and during Russias full-scale invasion. Notable malware included:  - WhisperGate (Jan 2022, data-wiping malware disguised as ransomware)  - HermeticWiper (Feb 23, 2022, deployed one day before invasion)  - IsaacWiper & CaddyWiper (March 2022, destructive malware)  - Ongoing DDoS & phishing campaigns against government and military communications.
","Cyberwarfare, wiper malware, DDoS, Espionage",DDoS,3+ years (ongoing),Ukraine,UK,NA,,NA,NA,"Ukrainian government ministries, banks, energy grid, telecom providers; indirect impact on EU energy and satellite networks (Viasat incident disrupted European wind farms)
",Hundreds of Ukranian org's; tens of thousands of Viasat modems,"Sandworm, Fancy Bear, UNC1151, Gamaredon [Mostly Russian, some Belarus]",Yes,"Government websites knocked offline; temporary banking outages; destruction of data on critical systems; satellite communication outages affecting Ukraine military and EU energy providers
",0.0,0.0,0.0,0.0,NA,0.0,"Business interuption, infrastructure damage, equipment replacement","NATO and private-sector support (Microsoft, Mandiant); emergency satellite deployments (Starlink); CISA & CERT-UA rapid patching guidance; offensive cyber-ops by Ukrainian allies to disrupt Russian infrastructure
",NA,NA,NA,NA,https://blogs.microsoft.com/on-the-issues/2022/06/22/defending-ukraine-early-lessons-from-the-cyber-war/,,Completed,,,,,,,,,,,,,,,,,
,Sharepoint,2025,7/20/2025,7/7/2025,"Attackers exploited critical, unpatched deserialization and path traversal vulnerabilities built on earlier CVE to gain unauthenticated remote code execution on on-premises SharePoint servers. Campaign named ToolShell","Data exploitation, ransomware",Ransomware,~2 weeks,US/Global,US,,62010,Admin & Support Services,Other reservation service and related activities,"Microsoft SharePoint server customers
","~400 organizations breached, listing 300+ confirmed compromises and ~424 vulnerable Ips exposed",Linen Typhoon and Storm 2603,Yes,"Unauthorized access to SharePoint content, persistent future access, credential theft, ransomware deployment, high risk espionage and long-term comrpomise",0.0,0.0,0.0,0.0,NA,0.0,"Breach response, incident remediation, forensic investigations, legal/regulatory fines, ransom payments, reputational damage, cyber insurance claims ","Released emergency patches for SharePoint subscription, coordination with FBI/DHS/DOD",506.71,500.7,-1.19%,1 day,https://www.reuters.com/sustainability/boards-policy-regulation/microsoft-says-some-sharepoint-server-hackers-now-using-ransomware-2025-07-23/,,Completed,,,,,,,,,,,,,,,,,
,Sainsbury,2025,5/21/2025,5/22/2025,Recent spike in retail focused cybercrime ,Ransomware ,Ransomware,1-2 days,UK,UK,,47110,Manufacturing,0,Sainsbury and customers,"Unable to process orders placed after attack. Thousands of pounds worth of food products wasting away,",Scattered Spider,No,"Service outages, ransomware deployment",0.0,0.0,0.0,0.0,NA,0.0,"Lost sales revenue, Operational disruption costs",Ongoing client communication , £2.88 , £2.75 ,-4.58%,6 days ,https://www.business-live.co.uk/retail-consumer/tesco-sainsburys-supplier-hit-cyber-31679723,"https://www.reuters.com/business/retail-consumer/ms-cyberattack-was-carried-out-by-dragonforce-chairman-says-2025-07-08/#:~:text=says%20www,M%26S%20was%20fortunate%20in",Completed,,,,,,,,,,,,,,,,,
,M&S Ransomware,2025,4/22/2025,2/1/2025,Sophisticated supply chain ransomware attack targeting UK retail giant through social engineering of third-party IT services provider,"Ransomware, Data breach",Ransomware,3+  months (beginning of August recovery),UK,UK,,47710,Manufacturing,0,"M&S, Harrod's, Co-op",,"DragonForce, Scattered Spider",No,"Operational disruption (supply chain, Online services down, payment processors outage)",300.0,0.0,0.0,0.0,300.0,1.0,"Lost sales revenue, Operational disruption costs, Data breach remediation, ICO fines, Stock market value loss",, £4.11 , £3.26 ,-20.68%,Still hasn't recovered (~ 90 days),,,Completed,,,,,,,,,,,,,,,,,
,Wonga,2025,4/8/2025,NA,Attackers gained access to customer database with personal and financial data,Data breach,Data Breach,NA,UK/Poland,UK,,64205,Manufacturing,0,Wonga and customers,"245,000 UK customers and 25,000 polish customers",NA,No,Data theft,0.0,0.0,0.0,0.0,NA,0.0,"Reputational damage, loss of business, legal and investigation costs","Established webpage for affected customers, worked with authorities to investigate breach",PRIVATE,PRIVATE,NA,PRIVATE,https://www.itgovernance.co.uk/blog/wonga-hacked-up-to-270000-customers-personal-data-may-be-exposed,"https://www.upguard.com/blog/biggest-data-breaches-uk#:~:text=Biggest%20Data%20Breaches%20in%20the,no%20fines%20after%20the%20incident",Completed,,,,,,,,,,,,,,,,,
,Barclays,2025,1/31/2025,1/31/2025,"The incident was attrivuted to a technical/software failure in Barclays' UK mainframe operating system caused widespread disruption across online banking, mobile apps, telephone services, and card transactions",Outage ,Other,~3 days,UK/Global,UK,,64191,Transportation & Logistics,Scheduled passenger air transport,"Barclays Bank UK (plc, consumer and corporate bank)","Millions of UK customers, 5,000 issues had been reported with Barclays, over 50% of payments failed, outage affected online access, card use, ATM withdrawals, phone support, merchant services",NA,No,"Inability to login in mobile banking, telephone functions down, ATM unavailable, payment delays",0.0,0.0,12.5,0.0,12.5,1.0,Compensation to customers for failed transactions and service disruptions,"Bank proactively communicated and updated within two hours of outage onset; UK Treasury Select Committee demanded full incident details, compensation estimates, fraud-monitoring potential, and compensation plans from Barclays ",29.7,29.5,-0.67%,1 day,https://www.bbc.com/news/articles/c5y7dpdje6xo,,Completed,,,,,,,,,,,,,,,,,
,Smiths Group,2025,1/29/2025,NA,"Smiths Group detected ""unauthorised access"" in its systems abd said it rapidly isolated affected systems and activated business continuity plans after it detected the activity",Data breach,Data Breach,Within hours,UK/Global,UK,,26513,Finance & Insurance,"Other activities auxiliary to financial services, except insurance and pension funding",Smith Group ,"NA but Smiths has more than 15,000 employees",NA hackers,No,"Affected systems taken offline, disruption to IT operations and systems restoration underway",0.0,0.0,0.0,0.0,NA,0.0,Share price dropped but no direct financial loss estimate disclosed,Containement of affected systems and engagement of cybersecurity experts,188.4,184.8,-1.91%,1 day,https://therecord.media/smiths-group-uk-cybersecurity-incident,,Completed,,,,,,,,,,,,,,,,,
,British museum IT attack,2025,1/25/2025,1/23/2025,"A former contractor allegedly trespassed into the museum and shut down key IT systems, including the ticketing platform, causing significant operational difficulties",IT disruption,Other,2 days,UK,UK,,91020,Finance & Insurance,"Activities of other holding companies (not including agricultural, production, construction, distribution and financial services holding companies) nec","British Museum exhibitions, ticketing, visitor access",NA,Ex-IT contractor,No,"Gallery closures, ticketing system offline, refunds issued",0.0,6.5,0.0,0.0,6.5,1.0,"Gallery closures, ticketing system offline, refunds issued","Arrest, systems restored, refunds, insider security reviews",NA,NA,NA,NA,https://www.theguardian.com/culture/2025/jan/24/british-museum-forced-to-partly-close-after-alleged-it-attack-by-former-employee?utm_source=chatgpt.com,,Completed,,,,,,,,,,,,,,,,,
,Blue Yonder,2024,11/21/2024,mid November 2024,"Supply chain management software provider Blue Yonder was hit by the Termite ransomware gang, reportedly stealing 680?GB of data, including email lists and internal documents. Outages disrupted backend services like workforce scheduling and inventory coordination for multiple large customers",Ransomware,Ransomware,1-2 weeks,Global,Global,,62012,Manufacturing,0,"Blue Yonder's SaaS platform; clients include Starbucks, Morrisons, Sainsbury's, BIC, and others",NA,Termite ransomware gang,No,"Starbucks had to use pen-and-paper payroll systems for ~11,000 U.S. stores; Morrisons experienced warehouse fresh produce shortages; Sainsburys activated contingency systems
",78.2,0.0,0.0,0.0,78.2,1.0,"Business interruption, remediation, reputational risk","External cybersecurity firms engaged; forensic investigations; restoration of hosted services; direct communication with affected customers
",PRIVATE,PRIVATE,NA,PRIVATE,"https://socradar.io/termite-ransomware-attack-on-blue-yonder/#:~:text=supply%20chain%20security.-,Inside%20the%20Ransomware%20Incident%20Impacting%20a%20Major%20Supply%20Chain%20Platform,no%20definitive%20timeline%20for%20restoration.",https://www.techmonitor.ai/technology/cybersecurity/blue-yonder-ransomware-attack-disrupts-supply-chains-across-uk-and-us?cf-view,Completed,,,,,,,,,,,,,,,,,
,UK Ambulance Services,2024,10/1/2024,10/1/2023,Targeted key supplier that connects ambulances to NHS and emergency responders ,"Data breach, communications breach",Data Breach,1 year,UK,UK,,86900,Public Administration & Defense,Other human health activities,Emergency services and those seeking emergency services ,,Cyber Wagner ,Yes,"Ambulance rerouting, service disruption",0.0,0.0,3.1,0.0,3.1,1.0,NA,Preparing for continued acts of aggression,NA,NA,NA,NA,https://au.news.yahoo.com/uk-ambulance-services-targeted-russian-155211840.html,"https://www.bleepingcomputer.com/news/security/uk-fines-software-provider-307-million-for-2022-ransomware-breach/#:~:text=Today%2C%20the%20ICO%20has%20announced,data%20and%20systems%20against%20hackers",Completed,,,,,,,,,,,,,,,,,
,Wi-Fi Network Cyber Vandalism at UK Train Stations,2024,9/25/2024,9/25/2024,"Unauthorized changes from a legitimate administrator account led to offensive messages appearing on public Wi-Fi networks at major railway stations, including Manchester Piccadilly and Birmingham New Street",Cyber vandalism,Other,1-2 days,UK,UK,,61100,Information & Communication,Other telecommunications activities,Train stations and commuters,"19 Network Rail-managed stations, thousands of commuters",John Andreas Wik,No,No Wi?Fi access; flyers/landing pages replaced; passenger concern; no rail disruption,0.0,0.0,0.0,0.0,NA,0.0,Passenger concern,"Suspension, investigation, arrest, service vendor decoupling, Wi?Fi restoration",NA,NA,NA,NA,https://apnews.com/article/uk-railway-stations-wifi-cyberattack-euston-manchester-678c9fa9d164a3a1ec323be1a7070697,,Completed,,,,,,,,,,,,,,,,,
,Transport for London,2024,9/1/2024,9/1/2024,"Transport for London (TfL) was targeted by a cyberattack, prompting an investigation by the National Crime Agency. Immediate actions were taken to secure the systems",Data breach,Data Breach,~1.5 years,UK,UK,,49311,Manufacturing,0,TfL back-office and online services,"~5,000 customers",Arrested 17-year-old suspect,No,"Journey history, photocard services, and live data feeds unavailable; staff access limited",30.0,5.0,0.0,0.0,35.0,1.0,Passenger overcharges,"Restrictions, investigation (NCA/NCSC), notification, password reset, phased service restoration",NA ,NA,NA,NA,https://www.thescottishsun.co.uk/news/13468181/cyber-attack-uk-tfl-breach-cause-latest/?utm_source=chatgpt.com,,Completed,,,,,,,,,,,,,,,,,
,Crowdstrike,2024,7/19/2024,7/19/2024,Update from Crowdstrike caused a massive system crash and disrupted operations across thousands of organizations,Outage ,Other,3-4 hours,UK/Global,UK,,7372,Manufacturing,0,Users of cybersecurity software of crowdstrike,8.5m system crashes and thousands of organizations affected,NA - faulty system update,No,Widespread disruption to critical services worlwide,0.0,50.0,0.0,0.0,50.0,1.0,"insurance payouts, business interuption, cyber failure coverages","Emergency IT response, software testing, deployment strategies", £378.24 , £211.14 ,-44.18%,5 months,https://hbr.org/2025/01/what-the-2024-crowdstrike-glitch-can-teach-us-about-cyber-risk,"https://ia.acs.org.au/article/2024/crowdstrike-reveals-initial-damage-bill-from-global-outage.html#:~:text=Cyber%20security%20company%20CrowdStrike%20says,computers%20to%20crash%20in%20July",Completed,,,,,,,,,,,,,,,,,
,NHS Synnovis Ransomware,2024,6/3/2024,6/3/2024,"Qilin ransomware attack on pathology partnership, encrypting systems and stealing 400GB of patient data","Ransomware, data breach",Ransomware,4+ weeks ,UK,UK,,86900,Public Administration & Defense,Other human health activities,"Synnovis, Guys and St thomas,  King's College hospital, NHS trusts","7 NHS hospitals, 6+ NHS trusts ",Qilin (Russia-based),Yes,"3,000+ appointments disrupted, blood test delays, data theft",11.7,21.0,0.0,0.0,32.7,1.0,Ransom demand/extortion,,NA,NA,NA,NA,https://www.intercede.com/ransomware-assault-on-nhs-a-deep-dive-into-the-synnovis-data-breach/,"https://www.digitalhealth.net/2025/01/cyber-attack-cost-synnovis-estimated-32-7m-in-2024/#:~:text=An%20accounts%20filing%20for%202023%2C,pay%20costs",Completed,,,,,,,,,,,,,,,,,
,MoD Payroll Data Breach,2024,5/21/2024,5/1/2024,Third party payroll system that UK MoD use was hacked and stolen personal data of reservists and veterans from all three branches,Data breach,Data Breach,3 weeks ,UK,UK,,84220,Information & Communication,Business and domestic software development,"Personnel, reservists and veterans of British Armed Forces","270,000 personnel, reservists, veterans",Chinese hackers ,Yes,"Data theft, espionage, reputational damage",0.0,0.0,0.0,0.0,NA,0.0,"Data breach management, legal advising",MoD took affected network offline and providing guidance on those impacted how to monitor their accounts of suspicious activity,NA,NA,NA,NA,https://www.cm-alliance.com/cybersecurity-blog/uk-armed-forces-data-exposed-mod-cyber-attack-timeline,"https://hansard.parliament.uk/commons/2024-05-07/debates/56231312-9D57-4CB6-A649-EFA0621B7293/DefencePersonnelDataBreach#:~:text=I%20would%20like%20to%20update,appropriate%20steps%20will%20be%20taken",Completed,,,,,,,,,,,,,,,,,
,Change Healthcare,2024,2/21/2024,2/17/2024,"Ransomware group ALPHV/BlackCat infiltrated Change Healthcare's systems. They exfiltrated sensititve info and deployed ransomware, shutting down pharmacy systems across the US","Data breach, ransomware",Ransomware,3-4 weeks,US,US,621491,,Public Administration & Defense,HMO Medical Centers,"Change Healthcare internal systems; indirect impact on pharamcies, hospitals, insurers",Thousands of providers and pharmacies; nearly 100% of US claims processing volume temporarily affected,ALPHV (BlackCat),No,"Nationwide pharmacy payment outages, delayed medical billing, reimbusement, and prior authorizations",80.0,8.0,0.0,0.0,88.0,1.0,469.6 lost revenue & system restoration; 118.8 in temp provider loans; 79.2+ in customer credits; 17.4 ransomware,Paid ~ $22m ransom; rebuilt claims platform; issued temporary financing to providers, £400.20 ,337.1,-15.77%,3 Months,"https://hyperproof.io/resource/understanding-the-change-healthcare-breach/#:~:text=If%20that%20wasn't%20bad,March%204%2C%202024","https://therecord.media/mgm-resorts-cyberattack-cost-millions#:~:text=After%20discovering%20the%20attack%20on,was%20lost%20in%20collective%20damage",Completed,,,,,,,,,,,,,,,,,
,Southern Water Ransomware,2024,2/1/2024,2/13/2024,Security breach resulting in stolen personal data and financial information for sale on the dark web,"Data breach, extortion",Data Breach,,UK,UK,,36000,Manufacturing,"Manufacture of non-electronic instruments and appliances for measuring, testing and navigation, except industrial process control equipment",Southern Water clients ,5-10% of customers,Black Basta,No,"No major disruption in UK, but data access risk",0.0,4.5,0.0,0.0,4.5,1.0,"Data breach management, legal advising, potential ransom demand",Hired independent cybersecurity experts to monitor the dark web and contacting anyone whose data has been leaked,PRIVATE,PRIVATE,NA,PRIVATE,https://smartwatermagazine.com/news/smart-water-magazine/southern-water-reports-ps45m-cost-ransomware-attack,"https://www.bleepingcomputer.com/news/security/southern-water-says-black-basta-ransomware-attack-cost-45m-in-expenses/#:~:text=well%20as%20contacting%20anyone%20whose,may%20have%20been%20at%20risk",Completed,,,,,,,,,,,,,,,,,
,RegreSSHion,2024,1/1/2024,NA,The regresSSHion vulnerability is an unauthenticated remote code execution flaw found in OpenSSH servers on glibc-based Linux systems. It allowed root access to the targeted machine without user interaction. ,Unauthorized access,Other,~3 years,Global,Global,NA,,NA,NA,OpenSSH server deployments,"Over 14 million public servers; 16, 400 organizations exposed",NA,No,No documented actual exploitation or compromises,0.0,0.0,0.0,0.0,NA,0.0,NA,Advisories recommended immediate upgrading,NA ,NA,NA,NA,https://www.logpoint.com/en/blog/the-story-of-regresshion/,,Completed,,,,,,,,,,,,,,,,,
,MeridianLink,2023,11/10/2023,11/3/2023,"ALPHV (BlackCat) ransomware group infiltrated MeridianLinks corporate network, exfiltrating sensitive customer and operational data; encryption not fully deployed as company shut down systems quickly.
","Data breach, ransomware",Ransomware,1 week,US,US,541512,,Information & Communication,Computer Systems Design Services,MeridianLink corporate IT; potential downstream impact on bank/credit union clients,NA,ALPHV (BlackCat),No,Minor service interuptions; potential data exposure for financial institution clients,0.0,0.0,0.0,0.0,NA,0.0,NA,"Forensic investigation, systems isolated quickly to prevent encryption",Didn't really see a direct stock decrease,,NA,NA,https://therecord.media/meridianlink-confirms-cyberattack-after-sec-threat,,Completed,,,,,,,,,,,,,,,,,
,British Library Ransomware Attack,2023,10/31/2023,10/28/2023,"Hacker group, Rhysida exploited lack of MFA and phising to exfiltrate ~600GB of data, including HR and financial records.","Data breach, ransomware",Ransomware,8-10 months,UK,UK,,91,Information & Communication,Other software publishing,"British library internal systems; people database for 20,000 writers/translators",NA,Rhysida ransomware group,No,"Catolgue offline, ticketing and payments disabled; fellowship programs suspended; royalties deleted",NA,6.0,0.0,1.0,7.0,1.0,"Business interuption, remediation costs",Engaged NCSC and cybersecurity firms; rebuilt infrastructure; delayed royalty payments,NA,NA,NA,NA,https://www.theguardian.com/commentisfree/2024/feb/06/hacker-british-library-cybersecurity-cybercrime-uk,"https://www.bankinfosecurity.com/change-healthcare-attack-cost-estimate-reaches-nearly-29b-a-26541#:~:text=financial%20impact%20of%20the%20cyberattack,higher%20than%20projected%20in%20July",Completed,,,,,,,,,,,,,,,,,
,Equifax,2023,10/13/2023,10/13/2016,Personal details of 147.9m US and 13.8m UK consumers were accessed,Data breach,Data Breach,7 years,UK/US,Mixed,,66190,Finance & Insurance,Activities of financial services holding companies,Customers of Equifax ,15m UK customer records and 145m US customers,NA hackers,No,"Data theft, reputational damage ",0.0,750.0,430.0,0.0,1180.0,1.0,"fines, settlements ",Invested over $1.5b in security and tech transformation,181.15,162.68,-10.20%,29 days,https://www.reuters.com/technology/uk-watchdog-fines-equifax-134-million-role-cyber-breach-2023-10-13/,"https://www.darkreading.com/cyberattacks-data-breaches/2017-data-breach-will-cost-equifax-at-least-1-38-billion#:~:text=The%20US%20District%20Court%20for,a%20period%20of%20five%20years",Completed,,,,,,,,,,,,,,,,,
,MGM Resorts Ransomware,2023,9/11/2023,9/7/2023,"Social engineering attack exploited MGMs help desk, enabling ALPHV/BlackCat & affiliate Scattered Spider to compromise Active Directory, deploy ransomware, and exfiltrate customer data (drivers licenses, SSNs).
","Data breach, ransomware",Ransomware,9 days,US,US,721110,,Hospitality & Food Services,Hotels (except Casio Hotels) and Motels,"MGM corporate systems; indirect impact on casino guests, loyalty program members ",~10.6m individuals,ALPHV (BlackCat) & Scattered Spider,No,"Shut down hotel check-in systems, slot machines, ATMs; manual room key distribution; revenue lost from casino downtime",0.0,0.0,0.0,12.0,12.0,1.0, lost in revenue; additional remediation and legal costs ongoing; IT improvements,"manual workarounds, gradual system rebuilds, no ransom paid", £35.20 ,27.5,-21.88%,3 Months,"https://blog.netwrix.com/mgm-cyber-attack#:~:text=The%20data%20exfiltrated%20during%20the,in%20the%20attack%20as%20well.","https://www.cpomagazine.com/cyber-security/caesars-entertainment-discloses-cyber-attack-ransom-payment-made-weeks-before-mgm-heist/#:~:text=As%20MGM%20casino,ransom%20payment%20to%20the%20hackers",Completed,,,,,,,,,,,,,,,,,
,Caesars Entertainment Ransomware,2023,9/7/2023,8/18/2023,"Scattered Spider exploited IT vendor social engineering to steal loyalty program database (~6.9 million members). Unlike MGM, Caesars avoided major operational disruption by paying ransom.
","Data breach, ransomware",Ransomware,No major operation downtime reported,US,US,721110,,Hospitality & Food Services,Hotels (except Casio Hotels) and Motels,Caesars Rewards loyalty program members,"~6.9m members drivers license, SSNs",AlPHV (BlackCat) & Scattered Spider,No,Continued normal operations,,,,,NA,0.0,"ransom demand, potential for legal costs","Paid ransom to prevent data leak, notified affected customers",Didn't really see a direct stock decrease,,NA,NA,"https://www.cybersecuritydive.com/news/caesars-social-engineering-breach/695995/#:~:text=Caesars%20Palace%20Hotel%20and%20Casino,41%2C397%20Maine%20residents%20were%20affected.",,Completed,,,,,,,,,,,,,,,,,
,Clorox,2023,8/14/2023,8/11/2023,"Unspecified threat actors infiltrated Cloroxs IT systems, forcing the company to take certain systems offline. While Clorox never formally confirmed ransomware, multiple cybersecurity analysts attribute it to a ransomware-style attack disrupting order processing and manufacturing.
",Suspected ransomware,Ransomware,~4 weeks,US,US,325612,,Manufacturing,Polish and Other Sanitation Good Manufacturing,Clorox internal IT & supply chain systems; indirect impact on distributors and retailers,NA,NA,No,"Production slowdowns, shipment delays, retail stockouts",299.1,38.6,0.0,0.0,337.6,1.0,£39.5m direct incident costs; £282m+ in lost net sales,"Systems taken offline, manual order processing, forensic investigation", £126.10 ,90.8,-27.99%,7 Months,"https://nationalcioreview.com/articles-insights/news/a-bleach-breach-timeline-of-the-clorox-cyberattack/#:~:text=Timeline%20of%20Events,challenges%20in%20restoring%20normal%20operations.","https://www.cybersecuritydive.com/news/clorox-lowers-sales-outlook-cyberattack/715119/#:~:text=Dive%20Insight:,Filed%20Under:%20Strategy%2C%20Cyberattacks",Completed,,,,,,,,,,,,,,,,,
,Pilot Credentials Breach 2023,2023,6/23/2023,4/30/2023,"Hackers accessed a third-party vendor (Pilot Credentials) used for pilot and cadet recruitment, exposing sensitive personally identifiable information (PII) of applicants from American Airlines and Southwest Airlines.
",Data breach,Data Breach,Single event compromise,US,US,NA,,NA,NA,Pilot applicants and cadet program applicants,8754 individuals,NA,No,No direct operational impact,0.0,0.0,0.0,0.0,NA,0.0,Legal & notification costs,"Notified affected individuals, provided 2 years of free credit monitoring, terminated unauthorized access at vendor
", NA ,NA,NA,NA,https://www.airport-technology.com/news/american-and-southwest-airlines-suffer-data-breach/?cf-view,,Completed,,,,,,,,,,,,,,,,,
,MOVEit Transfer Exploitation  Cl0p Ransomware Campaign,2023,5/31/2023,5/27/2023,"Cl0p ransomware gang exploited a zero-day SQL injection vulnerability in MOVEit Transfer, a managed file transfer (MFT) solution, stealing data from hundreds of organizations worldwide. Attack was purely data theft; encryption not used.","Data breach, theft",Data Breach,1-2 weeks,US/Global,US,NA,,NA,NA,"Federal & state U.S. agencies, Shell, UCLA, Genworth, U.S. Department of Energy contractors, etc.
",">2,500 orgs globally",Cl0p ransomware group,No,No system encyption; primary impact was data exfiltration leading to regulatory and legal issues,7960.0,0.0,2.2,0.0,7962.2,1.0,"Legal & regulatory costs, customer notification, reputational damage","Progess Software issues emergency patches (May 31), victims shut down MOVEit servers",Multi-org,multi-org,NA,multi-org,https://www.rapid7.com/blog/post/2023/06/14/etr-cve-2023-34362-moveit-vulnerability-timeline-of-events/,https://hadrian.io/blog/moveit-cyberattacks-timeline-of-the-largest-hack-of-2023,Completed,,,,,,,,,,,,,,,,,
,Volt Typhoon Cyber-Espionage Campaign,2023,5/24/2023,Active since mid 2021,"Volt Typhoon, a Chinese state-sponsored APT, conducted long-term cyber-espionage against critical infrastructure. Used living off the land techniques (PowerShell, VPN appliances) to maintain stealthy access to networks in communications, energy, transportation, and government sectors. No ransomware or data destruction; espionage and pre-positioning for potential future disruption.
",Cyber-espionage,Other,2+ years,US,US,NA,,NA,NA,"U.S. government agencies, telecom providers, energy companies, maritime and transportation organizations
",NA,Volt Typhoon (Chinese state-sponsored),Yes,No confirmed operational disruption; espionage and network recon for future sabotage,0.0,0.0,0.0,0.0,NA,0.0,"Incident response, IT remediation, increased cybersecurity spend","Joint U.S. government & Five Eyes advisories, urgent patching, removal of Volt Typhoon tools; Microsoft provided endpoint detection guidance
",NA,NA,NA,NA,https://www.microsoft.com/en-us/security/blog/2023/05/24/volt-typhoon-targets-us-critical-infrastructure-with-living-off-the-land-techniques/,,Completed,,,,,,,,,,,,,,,,,
,Capita Databreach,2023,4/20/2023,3/22/2023,"Ransomware breach stage attack credited to Black Basta, leading to limited exfiltration of data from less than 0.1% of Capita's server estate","Ransomware, data breach",Ransomware,9 days ,UK,UK,,58290,Information & Communication,Computer consultancy activities,"Pension scheme members, corporate retirement schemes, staff, license payers, suppliers","470,000 USS pension scheme members, 350UK corporate retirement schemes",Black Basta,Yes,"Internal Microsoft 365 services disrupted, some client-facing IT outages in local councils and pension platforms ",0.0,15.0,0.0,0.0,15.0,1.0,"Forensic, recovery, professional services","Internal and external forensic investigation, ICO notification, client advisories, legal class-action filed",5.78,4.93,-14.71%,Never recovered,https://baringslaw.com/news-insight/capita-data-breach-what-happened/,,Completed,,,,,,,,,,,,,,,,,
,Costa Rica Ransomware Crisis,2023,4/17/2023,4/12/2023,"Conti ransomware gang launched a coordinated ransomware campaign against 27 Costa Rican government institutions, crippling tax collection, customs systems, and social security payments. Attackers demanded $10 million USD ransom (later raised to $20 million). The new Costa Rican government (under President Rodrigo Chaves) declared a national emergency, the first country to do so due to a cyberattack.
",Ransomware,Ransomware,~2 months,Costa Rica,Other,NA,,NA,NA,"Ministry of Finance, Ministry of Labor, Costa Rican Social Security Fund (CCSS), and other public agencies
",27 government institutions,Conti Ransomware Group,No,"Shutdown of customs and tax systems, delayed import/export trade, halted salary and pension payments for weeks; hospitals and healthcare services disrupted
",0.0,20.1,0.0,0.0,20.1,1.0,Costa Rican government estimated $30 million USD/week in lost trade & tax revenue,Declared state of emergency; refused to pay ransom; received international assitance; replaced compromised systems; migrated to cloud infrastructure,NA,NA,NA,NA,https://www.bleepingcomputer.com/news/security/how-conti-ransomware-hacked-and-encrypted-the-costa-rican-government/,https://www.nytimes.com/2022/05/17/us/politics/russia-hacking-costa-rica.html,Completed,,,,,,,,,,,,,,,,,
,Dole Food,2023,3/31/2023,2/1/2023,Attack impacted operations resulting in the temporary shutdown of production plants and the disruption of food supplies to U.S. grocery stores by targeting company servers one-quarter of end-user computers. ,"DDoS, ransomware",Ransomware,,Global,Global,111339,,Manufacturing,Other Noncitrus Fruit Farming,"General public, Dole business entities",NA,NA,No,Business interruptions for Fresh Vegetables and Chilean business,0.0,8.7,0.0,0.0,8.7,1.0,Continuing operations and recovery,"Took steps to investigate and contain the attack, retaining the services of leading third-party cybersecurity experts. Dole also has been working with law enforcement", £9.50 , £9.90 ,4.21%,Few days,https://industrialcyber.co/critical-infrastructure/dole-ransomware-incident-affected-half-of-its-legacy-servers-with-direct-costs-reaching-10-5-million/,,Completed,,,,,,,,,,,,,,,,,
,3CX Supply Chain Attack,2023,3/29/2023,late Feb 2023,"North Korean state-backed threat actors (Lazarus Group) compromised 3CXs software build environment, injecting malware into digitally signed versions of the 3CXDesktopApp VoIP software. Malicious updates were pushed to thousands of customers globally, enabling information theft and potential lateral movement.
","Malware, data breach",Data Breach,~3 weeks,Global,Global,NA,,NA,NA,"3CX customers using the compromised desktop app
",">600,000 downloads globally; thousands of orgs",Lazarus Group (North Korean state-sponsored),Yes,Primarily an espionage/intelligence-gathering campaign; no widespread service outages but required mass uninstalls and security sweeps,0.0,0.0,0.0,0.0,NA,0.0,"Remediation, IT security sweeps, reputational damage for 3CX","3CX advised uninstalling desktop app, moved to web app version; issued clean software builds; engaged Mandiant for forensic review; CrowdStrike & other vendors provided IoCs for detection
",PRIVATE,PRIVATE,NA,PRIVATE,"https://cyberint.com/blog/research/3cx-supply-chain-attack/#:~:text=will%20mitigate%20it.-,Impact%20Of%20The%203CX%20Supply%20Chain%20Attack,position%20and%20with%20complete%20control.",https://cloud.google.com/blog/topics/threat-intelligence/3cx-software-supply-chain-compromise,Completed,,,,,,,,,,,,,,,,,
,Dish Network,2023,2/28/2023,2/23/2023,"Ransomware group (suspected Black Basta, an ALPHV affiliate) infiltrated Dishs corporate IT network, deployed ransomware, and exfiltrated sensitive employee & customer data. Outage disrupted TV services, Boost Mobile wireless operations, and call centers.
","Data breach, ransomware",Ransomware,3 weeks ,US,US,517111,,Information & Communication,Wired Telecommunications Carriers,"Dish corporate IT systems, call centers, Boost Mobile operations, individuals data","296,000 individuals personal data",Black Basta,No,"Satellite TV and streaming outages, Boost Mobile service disruptions, billing delays, customer service blackout",0.0,24.8,0.0,0.0,24.8,1.0,Estimated business interupption and remediation costs,"Systems rebuilt, forensic investigation, manual billing adjustments",Didn't really see a direct stock decrease,,NA,NA,"https://www.cpomagazine.com/cyber-security/leading-u-s-satellite-tv-provider-dish-network-yet-to-recover-from-a-ransomware-attack/#:~:text=3%20min%20read-,Leading%20U.S%20Satellite%20TV%20Provider%20Dish%20Network,Recover%20From%20a%20Ransomware%20Attack&text=U.S.%20second%2Dlargest%20satellite%20TV,TV%20(2.33%20m)%20subscribers.",,Completed,,,,,,,,,,,,,,,,,
,T-Mobile,2023,1/19/2023,11/25/2022,"Threat actors exploited an API vulnerability to access customer account data (names, billing addresses, emails, phone numbers, dates of birth, T-Mobile account numbers, plan details). No SSNs or financial information were reportedly exposed.
",Data breach,Data Breach,~6 weeks,US,US,517112,,Information & Communication,Wireless Telecommunications Carriers (except Satellite),T Mobile postpaid & prepaid customer accounts,37 million accounts,NA,No,No services outages; reputational damage and regulatory scrutiny,0.0,14.0,14.0,0.0,28.0,1.0,Legal & notification costs,"API vulnerability patched, enhanced monitoring, customer notifications",No material drop due to event,,,NA,https://www.sec.gov/Archives/edgar/data/1283699/000119312523010949/d641142d8k.htm,,Completed,,,,,,,,,,,,,,,,,
,Royal Mail Ransomware Attack,2023,1/11/2023,1/10/2023,"LockBit ransomware encrypted and exfiltrated IT systems used to print customs labels for international mail, also threatening to publish stolen data on its dark?web leak site",Ransomware,Ransomware,~6 weeks,UK,UK,,53100,Public Administration & Defense,General public administration activities,Royal Mail,"Over 500,000 international letters and parcels were stuck; impact spanned 11,500 Post Office branches across the UK for export items",LockBit ransomware group,Yes,"International export services were suspended, customers were instructed not to submit new international parcels. Parcels queued at processing centers; small businesses faced refunds and order cancellations",0.0,10.0,0.0,0.0,10.0,1.0,Spent on recovery and systems resilience improvements at Heathrow centre,"Engaged forensic experts, refused to pay ransom",No material drop due to event,,NA,NA,https://www.theguardian.com/business/2023/feb/21/royal-mail-international-deliveries-cyber-attack-ransom-strikes?utm_source=chatgpt.com,,Completed,,,,,,,,,,,,,,,,,
,Rackspace Hosted Exchange,2022,12/6/2022,12/2/2022,Rackspace's hosted Microsoft Exchange environment experienced a security incident attributed to a ransomware attack. Hosts were proactively powered down and disconnected to contain the incident. ,Ransomware,Ransomware,~12 days ,US,US,518210,,Information & Communication,"Computing Infrastructure Providers, Data Processing, Web Hosting, and Related Services",Rackspace Technology Inc ,"30,000 hosted exchange customers, PST files accessed for 27 customers reported",Play ransomware gang,No,"Hosted Exchange service shut down completely, customers directed to Microsoft 365",0.0,0.0,0.0,0.0,NA,0.0,"remediation, legal, support, and professional services","Rackspace isolated and powered down Hosted Exchange cluster immediately, hired CrowdStrike and additional cyber-defense experts, offered free microsoft exchange plan1 licenses, issues frequent status updates", £4.00 , £2.20 ,-45.00%,Never recovered,https://www.cybersecuritydive.com/news/rackspace-5m-expenses-ransomware/699731/,,Completed,,,,,,,,,,,,,,,,,
,Medibank Private Data Breach,2022,10/20/2022,Early October 2022,"Threat actors gained access to Medibanks customer databases using stolen credentials, exfiltrating sensitive personal and health claims data. The group later demanded ransom and began leaking data, including sensitive abortion and mental health records, on dark web forums.
","Data breach, extortion",Data Breach,~10 days,Australia,US,,65120,NA,0,"Medibank customers and international student health plan users
",9.7 million customers & former customers,REvil (Sodinokibi),No,"No disruption to core insurance services, but massive reputational and regulatory damage",0.0,102.2,0.0,0.0,102.2,1.0,"Legal, regulatory and remediation costs; reputational impact",Refused to pay ransom (government backed decision); engaged Australian Cyber Security Centre; provided credit monitoring and identity protection services to affected customers, AUD 3.51 , AUD 2.75 ,-21.54%,6 months,https://www.medibank.com.au/livebetter/newsroom/post/medibank-cybercrime-update,https://www.upguard.com/breaches/medibank-data-leak,Completed,,,,,,,,,,,,,,,,,
,American Airlines Breach 2022,2022,9/16/2022,Early July 2022,"Threat actors gained unauthorized access to a limited number of American Airlines employee email accounts, exposing sensitive employee and customer data, including names, drivers license numbers, passport numbers, and medical information. No evidence of misuse reported at the time.
",Data breach,Data Breach,5 days,US,US,481111,,Transportation & Logistics,Scheduled Passenger Air Transportation,"Current and former employees, and some customers","1,708 individuals",NA,No,No direct operational impact,0.0,0.0,0.0,0.0,NA,0.0,Legal & notification costs,"Secured compromised accounts, forced password resets, offered 2-year free credit monitoring to affected individuals", £12.30 ,10.5,-14.63%,3 weeks,https://www.cpomagazine.com/cyber-security/american-airlines-data-breach-linked-to-a-phishing-campaign-exposed-sensitive-customer-and-employee-personal-information/,,Completed,,,,,,,,,,,,,,,,,
,South Staffordshire Water and Cambridge Water Cyberattack,2022,8/16/2022,8/16/2022,"Cl0p ransomware group claimed to have exfiltrated 5?TB of data, including customer names, addresses, direct?debit details, and alleged screenshots of SCADA systems. Water supply was unaffected. Corporate IT systems disrupted; data was later published on the dark web.","Data breach, Ransomware",Ransomware,1-2 weeks,UK,UK,,36,NA,NA,"South Stafforshire PLC, South Staffs Water, Cambridge Water","~249,000 customers affected",Cl0p ransomware group,No,No disruption to water supply; customer-facing corporate systems and IT disrupted; reputational fallout and regulatory scrutiny,0.0,0.0,0.0,0.0,NA,0.0,NA,Notified ICO; engaged with National Cyber Security Centre; secured storage; removed unsecure hosting; monitoring for malicious use; enhanced third-party governance and data storage practices,NA,NA,NA,NA,https://www.waterisac.org/portal/UK-south-staffs-water-ransomware,,Completed,,,,,,,,,,,,,,,,,
,Omnicell Healthcare,2022,8/3/2022,5/4/2022,Omnicell's IT systems and third-party cloud services were affected by ransomware attacks leading to data security concerns for employees and patients,"Data breach, ransomware",Ransomware,2 months,US,US,339112,,Manufacturing,Surgical and Medical Instrument Manufacturing,Omnicell employees and patients ,NA,NA,No,,0.0,0.0,0.0,0.0,NA,0.0,,Working with law enforcement and cybersecurity experts , £94.40 , £39.40 ,-58.26%,Never recovered,https://www.securityweek.com/healthcare-technology-provider-omnicell-discloses-ransomware-attack/,,Completed,,,,,,,,,,,,,,,,,
,Electoral Voter Commission Breach,2022,8/1/2022,10/1/2021,Attack resulting in exposed personal data of over 40 million UK voters between 2014-2022,"Data breach, espionage",Data Breach,3 months,UK,UK,,84110,"Arts, Entertainment & Recreation",Museum activities,"UK voters between 2014-2022, Electoral Commission ",40 million voters personal information,China based hackers,Yes,"No major disruption in UK, but data access risk",0.0,0.0,0.0,0.0,NA,0.0,NA,Strengthen security systems with password policy control and multi-factor authentication for all user with help of ICO and National Cyber Security Centre,NA,NA,NA,NA,https://www.theguardian.com/politics/article/2024/jul/30/online-security-lapses-led-to-data-of-40m-uk-voters-being-hacked-says-ico?utm_source=chatgpt.com,"https://www.theguardian.com/technology/2023/aug/11/psni-voter-breaches-data-risks-taken-more-seriously#:~:text=On%20the%20same%20day%2C%20the,data%20of%2040%20million%20people",Completed,,,,,,,,,,,,,,,,,
,AWS Outage (due to power failure),2022,7/28/2022,NA,"A sudden power failure in a data center within Availability Zone?1 of the US?EAST?2 Region (Columbus, Ohio) caused EC2 instances and associated services to go down. Services hosted in AZ1 experienced service unavailability.",Infrastructure outage,Other,~3 hours,US,US,NA,,NA,NA,AWS customers hosted in AZ1,"Webex, Okta, Splunk, BambooHR, and others",NA,No,"EC2 and many AWS services in AZ1 were unavailable or degraded; users of impacted SaaS (e.g. Webex, Okta, Zoom) experienced sign-in errors, service outage, inability to access applications",0.0,0.0,0.0,0.0,NA,0.0,NA,AWS shifted traffic away from AZ1; restored power quickly; recommended failover to other AZs; disabled the scaling activity that triggered the event; promised internal monitoring/process improvements and future health dashboard enhancements,No material drop due to event,,NA,NA,https://www.thousandeyes.com/blog/aws-outage-analysis-july-28-2022,,Completed,,,,,,,,,,,,,,,,,
,NHS 111 Attack (OneAdvanced),2022,7/5/2022,7/2/2022,"Hackers infiltrated data system, accessed sensitive data, and deployed ransomware on Advanced Computer Software Group, which affected emergency healthcare services","Data breach, ransomware",Ransomware,9 months,UK,UK,,62012,Manufacturing,0,NHS Services and care providers,"79,404 individuals; 82,946 personal records",LockBit 3.0 ransomware gang,No,"NHS services offine; delayed ambulance dispatch, prescriptions, referrals",0.0,0.0,0.0,0.0,NA,0.0,"Remediation costs, ICO fine","ICO settlement, system rebuilds, vulnerability scanning",PRIVATE,PRIVATE,NA,NA,https://www.theguardian.com/society/article/2024/aug/07/nhs-it-firm-fine-advanced-software-medical-records-ransomware-attack-hack?,,Completed,,,,,,,,,,,,,,,,,
,Lapsus$ Group Attacks,2022,3/21/2022,3/21/2022,Data extortion group conducting big game hunting attacks via social engineering and insider threats,"Data breach, extortion",Data Breach,18+ months,UK/Global,UK,,62010,Manufacturing,0,"Tech firms, UK-based orgs",15+ major targets,"Lapsus$ (teen hackers, UK-based)",No,"Data theft, extortion, service disruption",0.0,0.0,48.0,0.0,48.0,1.0,"Data extortion, reputational damage",Not publicly disclosed,NA,NA,NA,NA,https://www.computerweekly.com/news/252515139/London-police-arrest-seven-in-connection-to-Lapsus,https://11th.com/blog/case-study/oktas-cybersecurity-failures/#:~:text=seek%20compensation%20from%20the%20company,Completed,,,,,,,,,,,,,,,,,
,Safestyle UK,2022,2/4/2022,1/28/2022,Ransomware attack affecting Safestyle UK's IT systems; data security concerns raised though no mass leak confirmed,"Data breach, ransomware",Ransomware,Several days to weeks,UK,UK,,43342,Manufacturing,0,Safestyle UK internal systems (order processing and potentially customer data,NA,NA,No,"Temporary disrupition to sales, scheduling, and customer service systems",0.0,0.0,0.0,0.0,NA,0.0,"Business interuption, remediation costs","Isolation of affected systems, investigation by third-party specialists",PRIVATE,PRIVATE,NA,PRIVATE,https://www.yorkshirepost.co.uk/business/consumer/russian-cyber-attack-caused-frustrations-for-safestyle-uk-after-strong-performance-in-2021-3661911,,Completed,,,,,,,,,,,,,,,,,
,British Council Data Exposure.  ,2022,2/1/2022,12/21/2021,Unsecured Microsoft Azure server exposed personal data/logins for thousands of students,Data exposure (misconfiguration),Other,~18 days,UK,UK,,85590,NA,NA,Student logins ,"~10,000 records accessible; potentially hundreds of thousands impacted",NA,No,No system downtime; privacy risk and phishing potential,0.0,0.0,0.0,0.0,NA,0.0,NA,"Secured data, reported to ICO, notified users, reviewed vendor oversight",NA,NA,NA,NA,https://www.techradar.com/uk/news/british-council-data-breach-exposes-student-records,,Completed,,,,,,,,,,,,,,,,,
,Log4j Vulnerability (CVE-2021-44228),2021,12/9/2021,12/1/2021,Crtical remote-code-execution vulnerability in widely-used Java logging library. Attackers submit malicious payloads,"Vulnerability-based mass exploitation, malware",Worm/Malware,~1 year,Global,Global,NA,,NA,NA,"Millions of applications using Log4j in enterprise and cloud including AWS, Microsoft, Cloudfare, Tesla, Paypal",93% of enterprise cloud environments were exposed nad hundreds of millions of servers/devices globally ,AQUATIV PANDA,Yes,"Widespread system compromise, installation of malware, crypto miners, ransomware, supply-chain exposure, disruption in infrastructure ",0.0,0.0,0.0,0.0,NA,0.0,"Costs from incident response, detection, patching, forensic investigations, potential regulatory fines, ransomware payouts",,NA,NA ,NA,NA ,https://www.ibm.com/think/topics/log4j,,Completed,,,,,,,,,,,,,,,,,
,Kaseya Ransomware,2021,7/2/2021,7/2/2021,Supply chain ransomware attack exploiting VSA software vulnerabilities to deploy REvil ransomware,Supply chain ransomware,Ransomware,2+ weeks,UK/Global,UK,,62030,Information & Communication,Computer programming activities,"IT service providers, UK businesses","800-1,500 downstream business",REvil (Russia-based),No,"Service outages, ransomware deployment",0.0,0.0,0.0,0.0,NA,0.0,Ransom demand/extortion,,NA,NA,NA,NA,"https://www.siliconrepublic.com/enterprise/kaseya-cyberattack-ransomware
https://www.cybersecurity-insiders.com/kaseya-ransomware-attack-strikes-uk-companies/","https://www.reuters.com/technology/kaseya-ransomware-attack-sets-off-race-hack-service-providers-researchers-2021-08-03/#:~:text=With%20REvil%20extortionists%20asking%20for,how%20many%20businesses%20were%20affected",Completed,,,,,,,,,,,,,,,,,
,JBS USA Meat Processing,2021,5/31/2021,Feb/Mar 2021,"REvil (Sodinokibi) ransomware group infiltrated JBS USAs North American and Australian IT systems, encrypting servers and forcing multiple meat processing plant closures.
",Ransomware,Ransomware,4 days,US & Australia,US,311611,,Manufacturing,Animal (except Poultry) Slaughtering,"JBS USA IT systems, affecting meat processing plants; downstream impact on suppliers and grocers",NA,REvil (Sodinokibi),No,Temporary closure of major US beef plants; disruption to ~20% of US beef production capacity; livestock supply chain backlog,0.0,0.0,0.0,7.8,7.8,1.0,Ransom paid £8.9m; £24 - 32m in business interuption costs,"Paid ransom to prevent data theft, restored systems via backups, enhanced cybersecurity post-event",NA,NA,NA,NA,https://www.wsj.com/tech/cybersecurity/jbs-paid-11-million-to-resolve-ransomware-attack-11623280781?gaa_at=eafs&gaa_n=ASWzDAjeBSD6WoBeUv5DkEUct-MucRQh7wi8SMpWkD89dbNyj2X-wJnebyRwBPp6F90%3D&gaa_ts=687f9fa3&gaa_sig=v7JeyYdo9mAXhgHyVS4BPksvZeuRxQqvv9MKr0m9wSCM8xKwen3OEhYmabau-lN3HLgjnKj8ZgvowBDr3XxJtA%3D%3D,,Completed,,,,,,,,,,,,,,,,,
,Colonial Pipeline,2021,5/8/2021,5/6/2021,"DarkSide ransomware group infiltrated Colonial Pipelines billing and IT systems, forcing a proactive shutdown of ~5,500 miles of fuel pipeline supplying ~45% of East Coast fuel. Triggered panic buying, fuel shortages, and temporary gas price spikes.
",Ransomware,Ransomware,5 days,US,US,486110,,Transportation & Logistics,Pipeline Transportation of Crude Oil,Colonial Pipeline internal IT systems; downstream customers indirectly impacted,NA,DarkSide ransomware group,No,"Full pipeline shutdown, major fuel shortages on the East Coast, panic buying, emergency federal waivers issued",30.7,0.0,0.7,3.1,34.5,1.0,Ransom paid £3.6m; £8 - 12 in recovery and business interuption,"Paid ransom for decryption key, manually restored systems, implemented stronger network segmentation",PRIVATE,PRIVATE,NA,PRIVATE,https://maui.hawaii.edu/wp-content/uploads/2022/07/Scenario-Colonial-Pipeline-Ransomware-Attack.pdf,https://ransomware.org/blog/how-downtime-drives-up-the-cost-of-a-ransomware-attack/,Completed,,,,,,,,,,,,,,,,,
,Facebook Data Leak,2021,4/1/2021,2018-2019,Personal details were scrapped and aggregated into a databse later leaked publicly,Data breach,Data Breach,~1 year,Global,Global,516210,,Information & Communication,"Media Streaming Distribution Services, Social Networks, and Other Media Networks and Content Providers",Meta Platforms and global user base,>533 million user accounts exposed,NA hackers,No,"No service disruption reported on Facebook platforms, users were not notified individually, potential phishing and identity theft risk increased",0.0,0.0,265.0,0.0,265.0,1.0,Fines imposed by Ireland's Data Protection Commission,"Facebook confirmed the underlying vulnerability in 2019, Irish Data Protection Commission launched an enforcement action in April 2021 and fined Meta millions, mass-action lawsuits filed in Europe", £215.70 , £217.50 ,0.83%,1 day ,https://www.strongdm.com/what-is/facebook-data-breach,,Completed,,,,,,,,,,,,,,,,,
,Npower Data Breach ,2021,2/27/2021,2/1/2021,Hackers accessed some Npower customers' mobile app accounts via credential-stuffing,Data breach,Data Breach,A few days,UK,UK,,35140,NA,NA,Undisclosed number of customer accounts; all affected were contacted and locked ,NA number of accounts accessed,NA,NA,"Npower immediately locked affected accounts, blocked suspicious Ips, and permanently withdrew its mobile app",0.0,0.0,0.0,0.0,NA,0.0,Remediation costs,0,NA,NA ,NA,NA ,https://www.cybernewsgroup.co.uk/2021/02/26/npower-shuts-down-mobile-app-following-data-breach-will-not-turn-back-on/,,Completed,,,,,,,,,,,,,,,,,
,People's Energy Breach ,2020,12/17/2020,12/16/2020,"Hackers gained unauthorized access to a system storing personal data of current and former customers, stealing full customer database including personal identifiers",Data breach,Data Breach,1 day,UK,UK,,35140,NA,NA,Current and former customers ,"270,000 current accounts",NA ,NA,"No disruption to energy supply or business operations reported. Impact limited to customer contact, investigation overhead, and reputational harm",0.0,0.5,0.1,0.0,0.6,1.0,Compensation for affected customers,"Immediate system lockdown and security fix, notified ICO, Ofgem, NCSC and police; hired external security experts ",NA,NA,NA,NA,https://monitor.mozilla.org/breach-details/PeoplesEnergy,,Completed,,,,,,,,,,,,,,,,,
,SolarWinds Supply Chain,2020,12/13/2020,Approx. Sep 2019,"Nation-state espionage via trojanized Orion software updates, creating backdoors in customer networks",Supply chain espionage,Other,15+ months,UK/US/Global,Mixed,,84110,Retail & Wholesale Trade,"Retail sale in non-specialised stores with food, beverages or tobacco predominating","UK gov depts, NHS, private sector","18,000 companies installed compromised updates, but <100 confirmed compromises","APT29 (Russia, suspected)",Yes,"No major disruption in UK, but data access risk",0.0,14.0,0.0,0.0,14.0,1.0,"Revenue loss, remediation costs ",Not disclosed,NA,NA,NA,NA,https://www.bbc.co.uk/news/technology-55368213,"https://www.reuters.com/technology/solarwinds-says-dealing-with-hack-fallout-cost-least-18-million-2021-04-13/#:~:text=In%20preliminary%20results%20made%20public,the%20Cyber%20Incident",Completed,,,,,,,,,,,,,,,,,
,Blackbaud,2020,7/16/2020,Early 2020,"Attackers accessed Blackbaud backup servers, exfiltrated personal and financial data for millions, then demanded ransom. Blackbaud paid 24?BTC ($235k250k USD) in ransom to delete copies.","Ransomware, data breach",Ransomware,1 Month,US,US,518210,,Information & Communication,"Computing Infrastructure Providers, Data Processing, Web Hosting, and Related Services","Blackbaud inc; and 13,000 nonprofit clients ","13,000 client orgs; personal records from millions of individuals",Criminal ransom group,No,No major system outages; reputational damage,0.0,40.0,43.0,0.2,83.2,1.0,Remediation; US state settlements; ransom,"Paid ransom, engaged forensic responders, notified clients, expanded security program, settled with FTC/SEC and state AGs, implemented corporate governance reforms (new CISO, data retention policies)",Indeterminable due to COVID,NA,NA,NA,https://www.nonprofitpro.com/article/blackbaud-pay-3m-sec-settlement-misleading-disclosures-after-2020-donor-data-breach,https://www.blackbaud.com/newsroom/article/blackbaud-reaches-agreement-with-the-federal-trade-commission-related-to-2020-security-incident,Completed,,,,,,,,,,,,,,,,,
,Twitter Bitcoin Scam Hijack ,2020,7/15/2020,7/14/2020,"Hackers hijacked 130 high-profile twitter accounts (e.g., Obama, Musk) to promote a crypto scam, exposing platform vulnerabilities.","Account takeover, scam",Other,~2 hours,Global,Global,519290,,Information & Communication,Web Search Portals and All Other Information Services,"Twitter, high-profile account owners","Approx. 130 verified accounts targeted, posted scam tweets, combined millions of followers exposed","Graham Clark, Mason Sheppard, Nima Fazeli",No,"Verified accounts disabled from tweets, twitter locked down internal tool access, public trust shaken",9.0,7.0,4.0,0.1,20.1,1.0,Scam proceeds ,"Twitter suspended tweeting from all verified users, access to internal admin tools restricted, US DOJ charged individuals, heightened security to twitter",35.67,35.28,-1.09%,1 month,https://www.bbc.com/news/technology-56429204,,Completed,,,,,,,,,,,,,,,,,
,Australian Critical Infrastructure Cyber Espionage,2020,6/18/2020,Apr-20,"Large scale cyber espionage campaign involving spear-phishing, credential harvesting, web-shell deployment, and persistent access into govt infrastructure ",Cyber espionage,Other,~3 months,Australia,US,NA,NA,Manufacturing,0,"Federal government agencies, utilities, law firms, universities, industry bodies",Over 100 organizations breached ,Chinese APT group,Yes,"No public service disruption reported, sensitive data access and sustained reconnaissance left networks exposed, heightened alert status declared",0.0,0.0,0.0,0.0,NA,0.0,NA,Announced major cyber investment ,NA,NA,NA,NA,https://www.reuters.com/technology/cybersecurity/australia-critical-infrastructure-faces-cyber-threats-report-says-2024-11-20/,,Completed,,,,,,,,,,,,,,,,,
,Interserve ,2020,5/13/2020,3/30/2020,"Phishing email was sent by a malicious attacker. The attacker gained control of the personal info of 113,000 current/former employees","Data breach, phishing, ransomware",Ransomware,5 months,UK,UK,,64209,Finance & Insurance,"Other activities auxiliary to financial services, except insurance and pension funding",Current and former employees,"113,000 employees, 283 systems, and 16 accounts",NA,No,Compromised employee accounts and systems and encypted personal data,0.0,0.0,4.4,0.0,4.4,1.0,"4.4 fines, 7 professional fees","Launched a crisis response, appointed new CIO",PRIVATE,PRIVATE,NA,PRIVATE,(https://icsstrive.com/incident/2020-cyberattack-cost-uk-interserve-more-than-11m/) (https://dwfgroup.com/en/news-and-insights/insights/2023/2/interserve-and-the-ico-fine),"https://www.theguardian.com/business/2022/oct/24/outsourcer-interserve-fined-4-point-4m-cyber-attack-failings-data-breach-personal-information#:~:text=Britain%E2%80%99s%20data%20watchdog%20has%20fined,of%20up%20to%20113%2C000%20employees",Completed,,,,,,,,,,,,,,,,,
,EasyJet,2020,5/1/2020,10/1/2019,Data breach allowed access to 9m customer records and affected customers booked flights ,Data breach,Data Breach,7  months,UK/Global,UK,,5110,NA,NA,Customers of EasyJet,9m customer records and credit card details of 2208 customers,NA hackers,No,"Data theft, reputational damage, lawsuit",0.0,0.0,0.0,0.0,NA,0.0,fines of 4% of airline 2019 turnover,Launched forensic investigation,12.67,3.9,-69.22%,Still hasn't recovered (5+ years); Stock effect confounded by COVID,https://www.cm-alliance.com/cybersecurity-blog/easyjet-cyber-attack,"https://www.itpro.com/security/data-breaches/limited-resources-scuppers-ico-probe-into-easyjet-breach#:~:text=ITPro%20www,EasyJet%20due%20to%20%E2%80%9Climited%20resources%E2%80%9D",Completed,,,,,,,,,,,,,,,,,
,Cognizant Maze Ransomware Attack,2020,4/18/2020,Mid Apr 2020,"Maze ransomware group infiltrated Cognizants internal IT systems, exfiltrated sensitive client and internal data, encrypted servers, and disrupted managed services delivery. Double extortion tactics were employed.",Ransomware,Ransomware,~2-3 weeks,US,US,541512,,Information & Communication,Computer Systems Design Services,Cognizant tech solutions,NA,Maze Ransomware operators,No,"Managed service disruption, client access disabled, delays in WFH solutions rollout",112.7,0.0,0.0,0.0,112.7,1.0,Lost revenue,"Cognizant mobilized leadership, shut down impacted systems, engaged external forensic teams, communicated with clients and regulators, and accelerated security hardening",Indeterminable due to COVID,,NA,NA,https://news.cognizant.com/2020-07-29-Cognizant-Reports-Second-Quarter-2020-Results,,Completed,,,,,,,,,,,,,,,,,
,Marriott International,2020,3/31/2020,Mid January 2020,"Attackers used login credentials of two Marriott franchise employees to access guest information from an application used for hotel operations. The breach was distinct from the 2018 Starwood/Marriott mega-breach.
",Data breach,Data Breach,~4 weeks,US; but global guests affected,US,721110,,Hospitality & Food Services,Hotels (except Casio Hotels) and Motels,Marriot guest database; mostly loyalty members,5.2m guest records,NA,No,No direct operational impact,0.0,0.0,39.8,0.0,39.8,1.0,ICO investigation pending,"Disabled compromised accounts, forced password resets, notified affected customers",NA because of noise from COVID,,NA,NA,https://www.loginradius.com/blog/identity/marriott-data-breach-2020,,Completed,,,,,,,,,,,,,,,,,
,Virgin Media,2020,1/5/2020,4/1/2019,"A Virgin Media employee incorrectly configured the database, leaving it publicly accessable without a password. This was not as much of an attack as a just data exposure.",Data breach,Data Breach,10 months,UK,UK,,61900,Manufacturing,0,Virgin Media and its current and potential customers,"900,000 customers were affected",Unknown user,No,Unknown amount of data stolen or if stolen at all,0.0,0.0,0.0,0.0,NA,0.0,speculated claims from legal firms from class action lawsuit,"Immediately secured the database, notified customers, published a statement and Q&A page for customers",PRIVATE,PRIVATE,NA,PRIVATE,https://www.privacyworld.blog/2020/03/virgin-media-suffers-data-security-breach/      https://www.legalexpert.co.uk/data-breach-compensation/virgin-mobile-data-breach-compensation-claims/,"https://www.upguard.com/blog/biggest-data-breaches-uk#:~:text=Following%20a%20data%20breach%20of,authorization%20and%20remained%20compromised",Completed,,,,,,,,,,,,,,,,,
,Travelex ,2020,1/2/2020,12/31/2019,Hackers held Travelex to ransome of 4.6m and forced firm to turn off computer systems and resort to using pen and paper by exploiting vulnerability in VPN. Posess sensitive customer information. ,"Ransomware, DDoS, Data breach",Ransomware,,UK/Global,UK,,66190,NA,NA,Travelex ,Travelex website users across 30 countries ,Sodinokibi/Revil ,No,"Data theft, extortion, 4 months of business disruption",0.0,0.0,0.0,1.8,1.8,1.0,"Ransom demand, fines","Took down website across 30 countries to protect the data, working with police and IT specialists. 4 months of business interruption and lost 25m in following quarter in Q1 of 2020 due to cyberattack. Went into administration and company restructuring to reduce debt. ",PRIVATE,PRIVATE,NA,PRIVATE,https://www.bbc.com/news/business-51017852,"https://www.bankinfosecurity.com/travelex-paid-23-million-to-ransomware-attackers-report-a-14094#:~:text=Travelex%2C%20a%20London,company%27s%20customer%20services%20for%20weeks",Completed,,,,,,,,,,,,,,,,,
,Capital One,2019,7/19/2019,3/22/2019,An individual gained access to the sensitive files by exploiting a misconfiguration in one of Capital Ones application firewalls and obtained certain types of personal information about Capital One credit card customers and individuals who had applied for credit card products. ,Data breach,Data Breach,4 months,US/Canada,US,522110,,Finance & Insurance,Commercial Banking,Capital one customers and staff ,Affected approximately 100 million individuals in the United States and  6 million in Canada,Lone actor. Former Amazon employee,No,Notified by mail the U.S. individuals whose Social Security numbers or linked bank account numbers were accessed,0.0,0.0,151.1,0.0,151.1,1.0,"Customer notifications, credit monitoring services, technology upgrades, fines, legal support ",Customer notification and updating security protocals. Class action lawsuit , $92.03 , $90.65 ,-1.50%,2 days,https://www.cnbc.com/2019/07/30/capital-one-shares-dive-after-data-breach-affecting-100-million.html,,Completed,,,,,,,,,,,,,,,,,
,British Airways Data Breach,2018,9/6/2018,9/15/2018,Magecart attack injecting malicious JavaScript to steal payment card data from website and mobile app,Data breach,Data Breach,15 days ,UK,UK,,51101,Retail & Wholesale Trade,Retail sale of clothing in specialised stores,"British Airways, customers","380,000 transactions impacted ",Magecart (cybercriminals),No,"Customer data theft, reputational damage",0.0,0.0,20.0,0.0,20.0,1.0,"Regulatory fine, compliance costs",https://www.bankinfosecurity.com/hacker-flies-away-british-airways-customer-data-a-11474,PRIVATE,PRIVATE,NA,PRIVATE,https://www.bankinfosecurity.com/hacker-flies-away-british-airways-customer-data-a-11474,"https://www.securityweek.com/british-airways-settles-class-action-over-2018-data-breach/#:~:text=The%20UK%E2%80%99s%20data%20protection%20regulator%2C,compensation%20for%20those%20affected%20by",Completed,,,,,,,,,,,,,,,,,
,Ticketmaster UK Breach,2018,6/28/2018,2/1/2018,"Malicious third-party JavaScript code injected via Inbenta chatbot on payment pages exfiltrated customer login, contact, and payment card details from Ticketmaster Intl, UK",Data breach,Data Breach,~4 months,UK ,UK,,79900,NA,NA,Customers across Europe ,"9.4 million european customers, 1.5 million UK customers, approx. 60,000 Barclays cards and 6,000 Monzo cards subject to fraud",NA ,NA ,No platform-wide outage; ticketmaster disabled the Inbenta chatbot and issues alerts ,0.0,1.0,1.3,0.0,2.3,1.0,Costs for forensic teams and fines ,"Ticketmaster notified the ICO, banks, and customers within regulatiry timeframes offered free identity monitoring and password resets ",76.53,75.41,-1.46%,A few days ,https://www.bbc.com/news/articles/cw99ql0239wo,,Completed,,,,,,,,,,,,,,,,,
,Dixons Carphone,2018,4/1/2018,6/1/2017,"Attacker installed malicious software on 5,390 tills in branches of its Currys OC World and Dixons Travel chains leaving customers vulnerable to financial theft and identity fraud",Data breach,Data Breach,9 months,UK/Global,UK,,47430,Public Administration & Defense,Defence activities,Customers of Dixons Carphone,Over 14m personal records and 5.6m financial information,NA hackers,No,"Software encription, Data theft, reputational damage ",0.0,0.0,0.5,0.0,0.5,1.0,"fines, declining profits, customer trust. Led to closure and rebranding to Currys","Investment in information security systems. Launched investigation, added extra security measures and contained the incident", £2.58 , £2.50 ,-3.18%,20 days,https://www.theguardian.com/business/2020/jan/09/dixons-carphone-fined-500000-for-massive-data-breach,"https://www.theguardian.com/business/2020/jan/09/dixons-carphone-fined-500000-for-massive-data-breach#:~:text=The%20attacker%20harvested%20the%20payment,statement%20announcing%20the%20%C2%A3500%2C000%20fine",Completed,,,,,,,,,,,,,,,,,
,GitHub 2018 attack (Memcached-DDoS-Attack),2018,3/1/2018,2/28/2018,"A massive distributed denial-of-service (DDoS) attack exploiting misconfigured memcached servers as reflectors, amplifying small spoofed packets into traffic volumes up to 51,000x larger",DDoS attack,DDoS,Several hours,US,US,5112,,NA,NA,"GitHub's global user base, though no data compromise occurred. Service unavailability several minutes globally","approx. 20 million developers, millions of hosted repositories",NA hackers,No,GitHub was unreachable globally with intermittent availability. Downtime affected developpers committing code,0.0,0.0,0.0,0.0,NA,0.0,Minimal financial costs,GitHub automatically rerouted traffic to Akamai Prolexic within minutes via BGP changes. Withdrawal of normal transit; traffic routed via scrub centers,NA,NA ,NA,NA ,https://github.blog/news-insights/company-news/ddos-incident-report/,,Completed,,,,,,,,,,,,,,,,,
,Merck (NotPetya),2017,6/27/2017,6/27/2017,"NotPetya, a wiper malware disguised as ransomware (attributed to Russian state actors), spread via infected tax software (M.E.Doc), encrypting and destroying data across Mercks global network.
",Malware,Worm/Malware,2 weeks (Full IT recovery took months) ,US,US,325412,,Manufacturing,Pharmaceutical Preparation Manufacturing,Merck internal IT & manufacturing plants; vaccine production and drug formulation facilities,"30,000+ computers and 7,500 rendered inoperable",Russian state-sponsored actors (GRU),Yes,"Manufacturing plants halted, delays in vaccine production, temporary supply shortages",320.1,222.5,0.0,0.0,542.5,1.0,"Business interuption, remediation costs; $1.4 billion USD insurance claim after court ruling (2022)","Rebuilt networks, enhanced segmentation, pursued extensive insurance litigation", $63.12 ,58.36,-7.54%,2 months,"https://www.zoho.com/workplace/articles/notpetya-cyberattack.html#:~:text=June%2027%2C%202017:%20The%20NotPetya,attack%20to%20the%20Russian%20military.",https://www.newyorkfed.org/medialibrary/media/research/staff_reports/sr937.pdf,Completed,,,,,,,,,,,,,,,,,
,Uk Parliament Cyberattack,2017,6/25/2017,6/23/2017,"Brute-force attack targeted up to 9,000 email accounts belonging to MPs, Lords, staff, and contractors. Weak password usage allowed compromise of fewer than 1% of accounts",Data breach,Data Breach,Several days,UK,UK,,84110,Manufacturing,0,Parliamentary email accounts,"0.5% of 9,000 parliamentary email accounts. 26 users and 39 mailboxes compromised",GRU/APT28; Russian government ,Yes,Remote email access was disabled for MPs and staff; mobile/tablet access restricted. Core parliamentary services remained operational,0.0,0.0,0.0,0.0,NA,0.0,Undisclosed remediation costs,NCSC and National Crime Agency engaged immediately; rapid rollout of mlti-factor authentication; affected individuals notified ,NA,NA,NA,NA ,https://www.bbc.com/news/uk-40394074,,Completed,,,,,,,,,,,,,,,,,
,WannaCry Ransomware,2017,5/12/2017,5/12/2017,Ransomware worm exploiting Windows SMB vulnerability (EternalBlue) to encrypt files and demand Bitcoin ransom,Ransomware,Ransomware,5 days,UK/Global,UK,,86101,Public Administration & Defense,First-degree level higher education,"NHS Trusts, GP Practices, Hospitals","300,000+ computers in 150+ countries",North Korea (Lazarus Group),Yes,"19,000+ appointments cancelled, ambulance rerouting, system shutdowns",20.0,72.0,0.0,0.0,92.0,1.0,"Direct operational costs, recovery expenses",Not publicly disclosed,NA,NA,NA,NA,"https://www.tripwire.com/state-of-security/wannacry-affected-34-of-nhs-trusts-in-england-investigation-finds
https://www.kaspersky.co.uk/resource-center/threats/ransomware-wannacry",https://www.nao.org.uk/wp-content/uploads/2017/10/Investigation-WannaCry-cyber-attack-and-the-NHS.pdf,Completed,,,,,,,,,,,,,,,,,
,Camelot Group,2016,11/30/2016,11/28/2016,"Cybercriminals conducted credential-stuffing attacks using reused emails/passwords obtained from third-party breaches to access ~26,500 Camelot online lottery accounts. Fewer than 50 accounts showed actual usage. No core systems were compromised and no funds removed",Data Breach,Data Breach,NA,UK,UK,,92000,Manufacturing,0,Camelot Group and its online players,"26,500 online players, fewer than 50 had personal details changed",NA,No,Suspension of players,0.0,0.0,0.0,0.0,NA,0.0,fines,"Suspension of affected accounts, improved security measures",NA,NA,NA,NA,https://www.ibtimes.co.uk/national-lottery-hacked-suspicious-activity-confirmed-thousands-accounts-1594148,"https://www.upguard.com/blog/biggest-data-breaches-uk#:~:text=Biggest%20Data%20Breaches%20in%20the,no%20fines%20after%20the%20incident",Completed,,,,,,,,,,,,,,,,,
,Three Mobile UK,2016,11/18/2016,NA,"Attackers gained entry to the system and order phone upgrades to customers, which they planned to intercept before reaching the customer",Data breach,Data Breach,3-4 weeks,UK,UK,,61200,"Arts, Entertainment & Recreation","Libraries, archives, museums and other cultural activities",Three UK and customers,9 million customers at risk,3 men arrested,No,"Customer data theft, 400 stolen handsets",0.0,0.0,0.0,0.0,NA,0.0,Loss of goods,"Stengthened data controls, contacted customers",,,NA,,https://www.androidauthority.com/three-uk-hack-six-million-customers-private-data-730184/,"https://www.theguardian.com/business/2015/dec/04/wetherspoon-customer-details-cyber-attack#:~:text=Wetherspoon%20hack%3A%20customer%20details%20stolen,attack%20on%20a%20British%20company",Completed,,,,,,,,,,,,,,,,,
,Tesco Bank,2016,11/1/2016,11/1/2016,Hackers generated authentic debit card numbers and made transactions that took money from customer accounts ,"Data breach, theft",Data Breach,,UK,UK,,64191,Transportation & Logistics,"Urban, suburban or metropolitan area passenger railway transportation by underground, metro and similar systems","Tesco Bank, Customers of Tesco Bank","2.26 million stollen from 8,000 customer accounts",NA,No,"Financial theft, business disruption, reputational damage",0.0,2.3,16.4,0.0,18.7,1.0,"fines, customer compensation",Freezing online systems. Changed Tesco Bank's debit card distribution methods from sequential order,PRIVATE,PRIVATE,NA,PRIVATE,https://www.technologylawdispatch.com/2018/11/regulatory/tesco-bank-fined-16-4-million-for-cyber-security-failings/,"https://www.theguardian.com/business/2018/oct/01/tesco-bank-fined-cyber-attack-fca#:~:text=but%20led%20to%2034%20transactions,customers%20having%20normal%20service%20disrupted",Completed,,,,,,,,,,,,,,,,,
,JD Witherspoon,2015,11/9/2015,6/15/2015,Customer details stolen from company's old website,Data breach,Data Breach,5 months,UK,UK,,56302,Manufacturing,0,JD Witherspoon clients and staff,"657,000 customer details stolen",NA,No,"Data theft, reputational damage",0.0,0.0,0.0,0.0,NA,0.0,NA,Increased investment in security, £7.74 , £6.11 ,-21.06%,9 months for full recovery,https://www.theguardian.com/business/2015/dec/04/wetherspoon-customer-details-cyber-attack,"https://www.theguardian.com/business/2015/dec/04/wetherspoon-customer-details-cyber-attack#:~:text=Wetherspoon%20hack%3A%20customer%20details%20stolen,attack%20on%20a%20British%20company",Completed,,,,,,,,,,,,,,,,,
,Talk Talk Hack,2015,10/21/2015,10/18/2015,"Occurred when TalkTalk acquired Tiscalis's UK operations, gave hackers opportunity to access data of personal and financial details of customers using SQL injection. Subjected the CEO to blackmail attempts",SQL injection data breach; follow-on extortion,Data Breach,1 month,UK,UK,,61100,Information & Communication,Wired telecommunications activities,Customers of TalkTalk,"Personal Data: 157,000; financial data: 15,656 full bank data","Matthew Hanley, Connor Allsopp, other unknown attackers",No,"Data theft, extortion, reputational damage",15.0,45.0,0.4,0.0,60.4,1.0,"ICO fines, data breach management, trading impact",Received fines fr breach of data protection obligations by ICO, £290.00 , £212.40 ,-26.76%,"Still hasn't recovered to Oct 20, 2015 close(9+ years)",https://www.bbc.com/news/uk-england-stoke-staffordshire-46264327,https://www.wired.com/story/talktalk-hack-customers-lost/#:~:text=admitted%20in%20its%20financial%20results,Completed,,,,,,,,,,,,,,,,,
,OPM Data Breach,2015,6/4/2015,Mar/Apr 2014,"Sophisticated attackers infiltrated OPMs systems, exfiltrating sensitive personal data of federal employees, including SF-86 security clearance forms, fingerprints, SSNs, addresses, medical history, and more. Breach included highly confidential information about current and former U.S. government personnel.","Data breach, espinoage",Data Breach,~1 year,US,US,928110,,Public Administration & Defense,National Security ,"Office of Personnel Management, Department of Defense (through clearance systems), contractors","~21.5 million individuals impacted, including 4.2 million federal employees and 17.3 million additional individuals tied to background checks",Chinese state-sponsored APT (APT10 or Deep Panda),Yes,National security concerns; loss of confidentiality in personnel vetting; U.S. intelligence officials had to revise clearance protocols,0.0,326.0,0.0,0.0,326.0,1.0,"Identity theft prevention, notification, system rebuild, long-term counterintelligence risk",Leadership resignations (OPM Director Katherine Archuleta); multi-year IT overhaul; DHS & FBI involvement; government-funded identity monitoring services,NA,NA,NA,NA,https://www.gao.gov/products/gao-19-230?utm,https://www.opm.gov/cybersecurity-resource-center/#url=Cybersecurity-Incidents,Completed,,,,,,,,,,,,,,,,,
,Sony,2014,11/1/2014,11/1/2014,"Using a destructive malware called ""Wiper"", hackers erased data from the company's servers and deployed ransomware. The breach exposed confidential internal emails, unreleased movies, and sensitive employee data","Data breach, ransomware, malware ",Ransomware,NA,US,US,334310,,Manufacturing,Audio and Video Equipment Manufacturing,Sony pictures staff and clients. Shareholders and reputation,NA,Guardians of Peace,Yes,,0.0,108.5,5.1,0.0,113.5,1.0,"Fines, lawsuits, investigations, system repair, PR efforts",Reevaluated cybersecurity protocols ,PRIVATE,PRIVATE,NA,NA,https://www.frameworksec.com/post/the-sony-pictures-breach-a-deep-dive-into-a-landmark-cyber-attack,,Completed,,,,,,,,,,,,,,,,,
,Heartbleed Vulnerability,2014,4/7/2014,Apr-14,"Remote code readers could extract memory contents (including passwords, session tokens, private keys) from affected OpenSSL versions; affected ~two-thirds of TLS?enabled servers globally. ",Supply chai exposure,Other,exploit window open for weeks,Global,Global,NA,NA,Information & Communication,Wired telecommunications activities,"Hundreds of thousands of organizations, certificate authorities, websites, TLS clients and servers",millions of devices,State Sponsored APTs,Yes,No downtime; widespread credential compromise,300.0,200.0,0.0,0.0,500.0,1.0,NA,"Urgent patch deployment (OpenSSL 1.0.1g+), widespread key revocations & re-issuing, password resets, certificate authority overload mitigation, CISA and UK NCSC advisories",NA,NA,NA,NA,https://www.invicti.com/blog/web-security/the-heartbleed-bug/,,Completed,,,,,,,,,,,,,,,,,
,Target Data Breach,2013,12/19/2013,Beg-Dec  2013,"Hackers used credentials from an HVAC vendor (Fazio) to deploy POS malware (BlackPOS), stealing ~40 million credit/debit cards and PII on up to ~70 million additional customers.","Data Breach, Third Party Compromise",Data Breach,3 weeks ,US,US,455110,,Retail & Wholesale Trade,Department Stores,Target stores in U.S. and Canadian regions; corporate systems compromised,110m affected individuals,NA,No,"Consumer trust damage, decline in sales",96.0,40.0,100.0,0.0,236.0,1.0,Lost revenue; breach expenses; settlements with states and banks,CEO and CIO resigned; network segmentation overhaul; PCI compliance accelerated; new CISO appointed; deployment of EMV chip cards across retail footprint,67.07,54.66,-18.50%,1 year,https://time.com/3086359/target-data-breach-loss/,https://www.sipa.columbia.edu/sites/default/files/2022-11/Target%20Final.pdf,Completed,,,,,,,,,,,,,,,,,
,CryptoLocker Ransomware,2013,9/5/2013,9/5/2013,"Trojan ransomware encrypting files using RSA public-key cryptography, demanding Bitcoin payment",Ransomware,Ransomware,8 months,UK/Global,UK,,62020,Manufacturing,0,"General public, businesses","250,000+ systems, Up to 500,000 global victims; no authoritative UK
count ",Russian cybercriminals,No,"File encryption, business disruption",0.0,0.0,0.0,2.2,2.2,1.0,Extortion/ ransom payments,Not publicly disclosed,NA,NA,NA,NA,https://thehackernews.com/2013/11/Cryptolocker-Ransomware-spam-emails-campaign-ten-million-users.html?m=1,"https://www.cobalt.io/blog/11-biggest-ransomware-attacks-in-history#:~:text=,3%20million%20in%20ransom%20payments",Completed,,,,,,,,,,,,,,,,,
,Stuxnet Worm,2010,6/17/2010,mid-2009 to early 2010,"A highly sophisticated state-designed cyber-weapon targeting Siemens SCADA systems controlling centrifuges at Irans Natanz nuclear facility. The worm caused physical destruction by altering motor frequencies, destroying ~9001,000 centrifuges.",Espionage / Cyber Sabotage,Other,1+ year,Primarily Iran; Global,Global,NA,NA,Finance & Insurance,Banks,Natanz Uranium Enrichment Facility (Iranian nuclear program); collateral infections among global SCADA environments,"200,000 infected hosts; 1000 centrifuges physically damaged",US Israeli operation,Yes,"Destruction of centrifuges, delay in Irans nuclear program; risk of global SCADA penetration across industrial networks",0.0,0.0,0.0,0.0,NA,0.0,"Classified mission, costs undisclosed",Siemens & national CERTs issued detection & removal tools; upgraded patching procedures; bans on USB usage; international cyber defense advisories,NA,NA,NA,NA,https://ccdcoe.org/uploads/2018/10/Falco2012_StuxnetFactsReport.pdf,,Completed,,,,,,,,,,,,,,,,,
,SQL Slammer,2003,1/25/2003,1/25/2003,"A tiny (376?byte) buffer-overflow worm targeting unpatched Microsoft SQL Server and MSDE platforms. It infected ~75,000 servers within 10 minutes and caused massive global routing failures across Internet core infrastructure.  ","Worm, DDoS",DDoS,1-2 days,Global,Global,NA,NA,Information & Communication,NA,"Enterprise and public Internet infrastructuremajor ISPs, root DNS servers, corporate networks","75,000 infected hosts",NA,No,"Routing systems collapsed, web/email outages (e.g. corporate portals, ATMs, airline ticketing); estimated loss of connectivity for many organizations",650.0,325.0,0.0,0.0,975.0,1.0,Lost revenue; clean up costs,"Urgent patch deployment (MS02?039), ISP traffic filtering of UDP 1434 port, emergency incident response, network segmentation, routing adjustments",NA,NA,NA,NA,https://www.wired.com/2003/07/slammer,https://avasant.com/report/slammer-worm-worst-virus-in-over-a-year,Completed,,,,,,,,,,,,,,,,,
,Code Red Worm,2001,7/19/2001,7/13/2001,A buffer-overflow worm exploiting Microsoft IIS servers. Code Red I defaced websites and launched denial-of-service (DoS); Code Red II added a backdoor and spread more aggressively,Worm,Worm/Malware,3-4 weeks,Global,Global,NA,NA,NA,NA,"Primarily servers; public infrastructure including White House, DoD, etc.","975,000 servers",NA,No,"Web outages; government and corporate websites shut; White House changed IP; IRS, FedEx, military sites impacted ",1002.0,750.0,0.0,0.0,1752.0,1.0,Lost revenue; clean up costs,"Emergency Microsoft patch deployment (MS01-033), network isolations, antivirus updates, national alerts via CERT, FBI, Microsoft",NA,NA,NA,NA,https://www.caida.org/catalog/papers/2002_codered/codered.pdf,https://www.chron.com/business/technology/article/code-red-worm-damage-costs-at-2-6-billion-2019043,Completed,,,,,,,,,,,,,,,,,
,ILOVEYOU WORM,2000,5/4/2000,5/4/2000,"A VBScript worm disguised as a love?letter email infecting Outlook users. Once clicked, it overwrote image and document files and sent itself to all contacts, propagating globally in hours.","Worm, malware",Worm/Malware,Several weeks,Global,Global,NA,NA,Public Administration & Defense,Hospital activities,"Multiple  affected Pentagon, NASA, British Parliament, government departments, corporate inboxes",est. 10-50m computers,Onel de Guzman,No,Global email outages; critical networks shutdown,5800.0,8000.0,0.0,0.0,13800.0,1.0,Lost revenue; clean up costs,Shutdown of email servers; emergency virus removal; patching email systems; user training; vendor cooperation; national and corporate anti-virus updates,NA,NA,NA,NA,https://www.uprisepartners.com/post/iloveyou-virus-happy-25th-anniversary-to-the-love-bug-that-cost-the-world-10-billion?,https://cyber.tap.purdue.edu/blog/articles/the-iloveyou-worm-a-global-crisis/,Completed,,,,,,,,,,,,,,,,,
,,1900,,,,,Other,,,Other,,,,,,,,,,,,,,,1.0,,,,,,,,,,,,,,,,,,,,,,,,,,
